<?xml version="1.0" encoding="UTF-8"?>
<Configuration status="WARN" monitorInterval="30">
    <Properties>
        <Property name="LOG_PATTERN">%d{yyyy-MM-dd HH:mm:ss} %-5p %c{1} - %m%n</Property>
        <Property name="basePath">${sys:catalina.home}/Inventory/admin</Property>
    </Properties>
 
    <Appenders>
        <Console name="console" target="SYSTEM_OUT" follow="true">
            <PatternLayout pattern="${LOG_PATTERN}"/>
        </Console>
        
        <RollingFile name="fileLogger"
            fileName="${basePath}/app.log"
            filePattern="${basePath}/app-%d{yyyy-MM-dd}.log">
            <PatternLayout>
                <pattern>[%-5level] %d{yyyy-MM-dd HH:mm:ss.SSS} [%t] %c{1} - %msg%n</pattern>
            </PatternLayout>
            <Policies>
                <TimeBasedTriggeringPolicy interval="1" modulate="true" />
                <SizeBasedTriggeringPolicy size="10MB" />
            </Policies>
            <DefaultRolloverStrategy max="10">
                <Delete basePath="${basePath}" maxDepth="10">
                    <!-- Delete all files older than 30 days -->
                    <IfLastModified age="30d" />
                </Delete>
            </DefaultRolloverStrategy>
        </RollingFile>
    </Appenders>
 
    <Loggers>
        <Root level="info" additivity="false">
            <appender-ref ref="fileLogger" />
            <AppenderRef ref="console"/>
        </Root>
         <Logger name="main.controllers.AdminController" level="debug" additivity="false">
            <AppenderRef ref="fileLogger"/>
        </Logger>
    </Loggers>
</Configuration>
